<?xml version='1.0' encoding='UTF-8' ?>
<!-- was: <?xml version="1.0" encoding="UTF-8"?> -->
<beans xmlns="http://www.springframework.org/schema/beans" 
       xmlns:xsi="http://www.w3.org/2001/XMLSchema-instance" 
       xmlns:mvc="http://www.springframework.org/schema/mvc"
       xmlns:context="http://www.springframework.org/schema/context" 
       xmlns:jpa="http://www.springframework.org/schema/data/jpa" 
       xmlns:jdbc="http://www.springframework.org/schema/jdbc" 
       xmlns:tx="http://www.springframework.org/schema/tx" 
       xsi:schemaLocation="http://www.springframework.org/schema/beans  http://www.springframework.org/schema/beans/spring-beans-4.3.xsd
            http://www.springframework.org/schema/context http://www.springframework.org/schema/context/spring-context-4.3.xsd
            http://www.springframework.org/schema/mvc http://www.springframework.org/schema/mvc/spring-mvc-4.3.xsd
            http://www.springframework.org/schema/jdbc		http://www.springframework.org/schema/jdbc/spring-jdbc-3.1.xsd
            http://www.springframework.org/schema/tx/	http://www.springframework.org/schema/tx/spring-tx-3.2.xsd
            http://www.springframework.org/schema/data/jpa http://www.springframework.org/schema/data/jpa/spring-jpa.xsd">
    
    <!--bean id="propertyConfigurer"
    class="org.springframework.beans.factory.config.PropertyPlaceholderConfigurer"
    p:location="/WEB-INF/jdbc.properties" />

<bean id="dataSource"
    class="org.springframework.jdbc.datasource.DriverManagerDataSource"
    p:driverClassName="${jdbc.driverClassName}"
    p:url="${jdbc.url}"
    p:username="${jdbc.username}"
    p:password="${jdbc.password}" /-->

    <!-- ADD PERSISTENCE SUPPORT HERE (jpa, hibernate, etc) -->

    <mvc:annotation-driven/>
    <context:component-scan base-package="org.centrale.prweb.controllers" />

    <jpa:repositories base-package="org.centrale.prweb.repositories" 
                      entity-manager-factory-ref="entityManagerFactoryBean" />

    <context:load-time-weaver/>
    <bean id="entityManagerFactoryBean"
          class="org.springframework.orm.jpa.LocalContainerEntityManagerFactoryBean">
        <property name="persistenceUnitName" value="prwebSPRING_PU"/>
        <property name="loadTimeWeaver">
            <bean class="org.springframework.instrument.classloading.InstrumentationLoadTimeWeaver"/>
        </property>
    </bean>

    <bean id="transactionManager" class="org.springframework.orm.jpa.JpaTransactionManager">
        <property name="entityManagerFactory" ref="entityManagerFactoryBean" />
    </bean>

</beans>
